index, name,kernel_type,number_of_samples,sampling_type,MSE,std,median,q_75,q_25,q_90,q_10,mean,time_to_train,
0,matern_lhs_10,matern,10,lhs,85.0158022861666,1618.1520104410874,0.10181823063686982,0.6884575581493332,0.010895165954485475,8.067059505120945,0.001282296693027958,85.0158022861666,0.2411179542541504
1,matern_lhs_21,matern,21,lhs,81.63063155581636,1620.941087720685,0.03758380788350621,0.3261324434454761,0.003842072859161769,1.654281846110091,0.0004689921884623553,81.63063155581634,0.2112138271331787
2,matern_lhs_46,matern,46,lhs,154.40058054187014,2259.2248097024503,0.05451058874705354,0.5075743484289661,0.005270417725520899,4.2342632144208165,0.0003043067214905925,154.40058054187014,0.21189379692077637
3,matern_lhs_100,matern,100,lhs,86.19201804861098,1628.378667030183,0.1789089403008866,0.9999999999999998,0.026910069307195618,6.095842004344011,0.003419263645813095,86.19201804861096,0.1241159439086914
4,matern_lhs_215,matern,215,lhs,81.61544653511619,1590.8912170373844,0.02045525332196544,0.27814418962134124,0.0015179032872888586,1.8306829790235573,0.00012876456223957796,81.61544653511618,10.069828033447266
5,matern_lhs_464,matern,464,lhs,53.2805859741845,1025.670187907034,0.04761847095424722,0.4293924254237429,0.005170461173338296,2.635840899597267,0.0004445775669017944,53.280585974184476,55.22172212600708
6,matern_lhs_1000,matern,1000,lhs,62.848215992688814,1225.084047105362,0.058681640379547394,0.5417329394456869,0.006753917770869947,3.1052457817920374,0.0005163808374735698,62.848215992688814,601.9617388248444
7,matern_lhs_2154,matern,2154,lhs,80.96600372864651,1587.5190542887,0.09313823353883138,0.7549071254001978,0.009458603144266158,4.3622677284752704,0.0006282348832507886,80.96600372864653,2287.2718498706818
